{
  "II_SELECT" : {
    "transaction" : "II_SELECT",
    "sampleCount" : 16,
    "errorCount" : 0,
    "errorPct" : 0.0,
    "meanResTime" : 11.437499999999998,
    "minResTime" : 0.0,
    "maxResTime" : 141.0,
    "pct1ResTime" : 47.200000000000095,
    "pct2ResTime" : 141.0,
    "pct3ResTime" : 141.0,
    "throughput" : 0.05327189308331058,
    "receivedKBytesPerSec" : 6.535431219327043E-4,
    "sentKBytesPerSec" : 0.0
  },
  "II_TRUNCATE" : {
    "transaction" : "II_TRUNCATE",
    "sampleCount" : 16,
    "errorCount" : 0,
    "errorPct" : 0.0,
    "meanResTime" : 0.5625,
    "minResTime" : 0.0,
    "maxResTime" : 1.0,
    "pct1ResTime" : 1.0,
    "pct2ResTime" : 1.0,
    "pct3ResTime" : 1.0,
    "throughput" : 0.053304371291598235,
    "receivedKBytesPerSec" : 4.684954508050626E-4,
    "sentKBytesPerSec" : 0.0
  },
  "I_Clients_GET" : {
    "transaction" : "I_Clients_GET",
    "sampleCount" : 1828,
    "errorCount" : 0,
    "errorPct" : 0.0,
    "meanResTime" : 1.9381838074398285,
    "minResTime" : 1.0,
    "maxResTime" : 81.0,
    "pct1ResTime" : 3.0,
    "pct2ResTime" : 3.0,
    "pct3ResTime" : 4.0,
    "throughput" : 5.980833848640407,
    "receivedKBytesPerSec" : 35.832497876403195,
    "sentKBytesPerSec" : 2.289537957682656
  },
  "I_SendComment" : {
    "transaction" : "I_SendComment",
    "sampleCount" : 1828,
    "errorCount" : 96,
    "errorPct" : 5.2516413,
    "meanResTime" : 5.923413566739593,
    "minResTime" : 2.0,
    "maxResTime" : 34.0,
    "pct1ResTime" : 11.0,
    "pct2ResTime" : 18.0,
    "pct3ResTime" : 24.0,
    "throughput" : 5.980970828043817,
    "receivedKBytesPerSec" : 20.68375836575207,
    "sentKBytesPerSec" : 4.831983552330223
  },
  "II_CountRecords" : {
    "transaction" : "II_CountRecords",
    "sampleCount" : 16,
    "errorCount" : 0,
    "errorPct" : 0.0,
    "meanResTime" : 11.437499999999998,
    "minResTime" : 0.0,
    "maxResTime" : 141.0,
    "pct1ResTime" : 47.200000000000095,
    "pct2ResTime" : 141.0,
    "pct3ResTime" : 141.0,
    "throughput" : 0.05327171571548908,
    "receivedKBytesPerSec" : 6.535409459724918E-4,
    "sentKBytesPerSec" : 0.0
  },
  "II_HomePage" : {
    "transaction" : "II_HomePage",
    "sampleCount" : 17,
    "errorCount" : 0,
    "errorPct" : 0.0,
    "meanResTime" : 4.529411764705882,
    "minResTime" : 0.0,
    "maxResTime" : 33.0,
    "pct1ResTime" : 9.79999999999998,
    "pct2ResTime" : 33.0,
    "pct3ResTime" : 33.0,
    "throughput" : 0.05657953418402327,
    "receivedKBytesPerSec" : 1.17672950323169,
    "sentKBytesPerSec" : 0.018981185640779868
  },
  "I_CheckCommentServiceGuestBook_GET" : {
    "transaction" : "I_CheckCommentServiceGuestBook_GET",
    "sampleCount" : 1828,
    "errorCount" : 97,
    "errorPct" : 5.306346,
    "meanResTime" : 2.7822757111597363,
    "minResTime" : 1.0,
    "maxResTime" : 24.0,
    "pct1ResTime" : 4.0,
    "pct2ResTime" : 8.0,
    "pct3ResTime" : 17.710000000000036,
    "throughput" : 5.981655819189073,
    "receivedKBytesPerSec" : 18.83136758592086,
    "sentKBytesPerSec" : 1.9685722764323415
  },
  "I_HomePage_GET" : {
    "transaction" : "I_HomePage_GET",
    "sampleCount" : 1829,
    "errorCount" : 0,
    "errorPct" : 0.0,
    "meanResTime" : 2.35975943138327,
    "minResTime" : 1.0,
    "maxResTime" : 33.0,
    "pct1ResTime" : 3.0,
    "pct2ResTime" : 3.0,
    "pct3ResTime" : 5.0,
    "throughput" : 5.981150709301033,
    "receivedKBytesPerSec" : 132.16995844731258,
    "sentKBytesPerSec" : 2.1319531336864035
  },
  "I_SendCommentServiceGuestBook_GET" : {
    "transaction" : "I_SendCommentServiceGuestBook_GET",
    "sampleCount" : 1828,
    "errorCount" : 0,
    "errorPct" : 0.0,
    "meanResTime" : 2.388949671772433,
    "minResTime" : 1.0,
    "maxResTime" : 24.0,
    "pct1ResTime" : 3.0,
    "pct2ResTime" : 4.0,
    "pct3ResTime" : 14.0,
    "throughput" : 5.9815775265457045,
    "receivedKBytesPerSec" : 18.831181820691743,
    "sentKBytesPerSec" : 1.822511902619394
  },
  "II_HomePage_GET" : {
    "transaction" : "II_HomePage_GET",
    "sampleCount" : 16,
    "errorCount" : 0,
    "errorPct" : 0.0,
    "meanResTime" : 4.8125,
    "minResTime" : 2.0,
    "maxResTime" : 33.0,
    "pct1ResTime" : 12.70000000000002,
    "pct2ResTime" : 33.0,
    "pct3ResTime" : 33.0,
    "throughput" : 0.05326586323989613,
    "receivedKBytesPerSec" : 1.177050735734736,
    "sentKBytesPerSec" : 0.01898636726812704
  },
  "I_sendComment_Clients" : {
    "transaction" : "I_sendComment_Clients",
    "sampleCount" : 1828,
    "errorCount" : 0,
    "errorPct" : 0.0,
    "meanResTime" : 1.9387308533916856,
    "minResTime" : 1.0,
    "maxResTime" : 81.0,
    "pct1ResTime" : 3.0,
    "pct2ResTime" : 3.0,
    "pct3ResTime" : 4.0,
    "throughput" : 5.980833848640407,
    "receivedKBytesPerSec" : 35.832497876403195,
    "sentKBytesPerSec" : 2.289537957682656
  },
  "I_CheckComment_GET" : {
    "transaction" : "I_CheckComment_GET",
    "sampleCount" : 1828,
    "errorCount" : 0,
    "errorPct" : 0.0,
    "meanResTime" : 1.8183807439824944,
    "minResTime" : 1.0,
    "maxResTime" : 6.0,
    "pct1ResTime" : 2.0,
    "pct2ResTime" : 3.0,
    "pct3ResTime" : 4.0,
    "throughput" : 5.981636245836087,
    "receivedKBytesPerSec" : 24.021890220981867,
    "sentKBytesPerSec" : 2.5176613495657754
  },
  "II_GuestBook_GET" : {
    "transaction" : "II_GuestBook_GET",
    "sampleCount" : 16,
    "errorCount" : 0,
    "errorPct" : 0.0,
    "meanResTime" : 1.9375,
    "minResTime" : 1.0,
    "maxResTime" : 5.0,
    "pct1ResTime" : 3.6000000000000014,
    "pct2ResTime" : 5.0,
    "pct3ResTime" : 5.0,
    "throughput" : 0.05327189308331058,
    "receivedKBytesPerSec" : 0.21391994566266906,
    "sentKBytesPerSec" : 0.021433613232738243
  },
  "I_SendCommentServiceGuestBook_POST" : {
    "transaction" : "I_SendCommentServiceGuestBook_POST",
    "sampleCount" : 1828,
    "errorCount" : 96,
    "errorPct" : 5.2516413,
    "meanResTime" : 3.5344638949671774,
    "minResTime" : 1.0,
    "maxResTime" : 30.0,
    "pct1ResTime" : 7.0,
    "pct2ResTime" : 13.0,
    "pct3ResTime" : 20.0,
    "throughput" : 5.981009966168686,
    "receivedKBytesPerSec" : 1.8544986865417459,
    "sentKBytesPerSec" : 3.0096761976743425
  },
  "I_HomePage" : {
    "transaction" : "I_HomePage",
    "sampleCount" : 1829,
    "errorCount" : 0,
    "errorPct" : 0.0,
    "meanResTime" : 2.35975943138327,
    "minResTime" : 1.0,
    "maxResTime" : 33.0,
    "pct1ResTime" : 3.0,
    "pct2ResTime" : 3.0,
    "pct3ResTime" : 5.0,
    "throughput" : 5.981717986035028,
    "receivedKBytesPerSec" : 132.18249398537276,
    "sentKBytesPerSec" : 2.132155336819126
  },
  "Total" : {
    "transaction" : "Total",
    "sampleCount" : 12861,
    "errorCount" : 193,
    "errorPct" : 1.5006609,
    "meanResTime" : 2.3910271363035536,
    "minResTime" : 0.0,
    "maxResTime" : 141.0,
    "pct1ResTime" : 3.0,
    "pct2ResTime" : 4.0,
    "pct3ResTime" : 15.0,
    "throughput" : 42.057725135221744,
    "receivedKBytesPerSec" : 256.8566539330808,
    "sentKBytesPerSec" : 16.17812269554831
  },
  "I_GuestBook" : {
    "transaction" : "I_GuestBook",
    "sampleCount" : 1828,
    "errorCount" : 0,
    "errorPct" : 0.0,
    "meanResTime" : 1.8347921225382924,
    "minResTime" : 1.0,
    "maxResTime" : 6.0,
    "pct1ResTime" : 2.0,
    "pct2ResTime" : 3.0,
    "pct3ResTime" : 4.0,
    "throughput" : 5.980990397042223,
    "receivedKBytesPerSec" : 24.01759668906539,
    "sentKBytesPerSec" : 2.406414105059957
  },
  "II_GuestBook" : {
    "transaction" : "II_GuestBook",
    "sampleCount" : 16,
    "errorCount" : 0,
    "errorPct" : 0.0,
    "meanResTime" : 1.9375,
    "minResTime" : 1.0,
    "maxResTime" : 5.0,
    "pct1ResTime" : 3.6000000000000014,
    "pct2ResTime" : 5.0,
    "pct3ResTime" : 5.0,
    "throughput" : 0.05327189308331058,
    "receivedKBytesPerSec" : 0.21391994566266906,
    "sentKBytesPerSec" : 0.021433613232738243
  },
  "I_CheckComment" : {
    "transaction" : "I_CheckComment",
    "sampleCount" : 1828,