{
  "II_SELECT" : {
    "transaction" : "II_SELECT",
    "sampleCount" : 17,
    "errorCount" : 0,
    "errorPct" : 0.0,
    "meanResTime" : 9.470588235294118,
    "minResTime" : 0.0,
    "maxResTime" : 122.0,
    "pct1ResTime" : 29.99999999999992,
    "pct2ResTime" : 122.0,
    "pct3ResTime" : 122.0,
    "throughput" : 0.05662797088656085,
    "receivedKBytesPerSec" : 6.896329175063707E-4,
    "sentKBytesPerSec" : 0.0
  },
  "II_TRUNCATE" : {
    "transaction" : "II_TRUNCATE",
    "sampleCount" : 16,
    "errorCount" : 0,
    "errorPct" : 0.0,
    "meanResTime" : 0.75,
    "minResTime" : 0.0,
    "maxResTime" : 1.0,
    "pct1ResTime" : 1.0,
    "pct2ResTime" : 1.0,
    "pct3ResTime" : 1.0,
    "throughput" : 0.05332551225820213,
    "receivedKBytesPerSec" : 4.686812600818547E-4,
    "sentKBytesPerSec" : 0.0
  },
  "I_Clients_GET" : {
    "transaction" : "I_Clients_GET",
    "sampleCount" : 1808,
    "errorCount" : 0,
    "errorPct" : 0.0,
    "meanResTime" : 1.627765486725663,
    "minResTime" : 1.0,
    "maxResTime" : 18.0,
    "pct1ResTime" : 2.0,
    "pct2ResTime" : 2.0,
    "pct3ResTime" : 4.0,
    "throughput" : 5.932498146094329,
    "receivedKBytesPerSec" : 35.54303042722682,
    "sentKBytesPerSec" : 2.2710344465517354
  },
  "I_SendComment" : {
    "transaction" : "I_SendComment",
    "sampleCount" : 1808,
    "errorCount" : 94,
    "errorPct" : 5.1991153,
    "meanResTime" : 7.534845132743367,
    "minResTime" : 2.0,
    "maxResTime" : 130.0,
    "pct1ResTime" : 11.0,
    "pct2ResTime" : 41.0,
    "pct3ResTime" : 51.0,
    "throughput" : 5.9327317473338805,
    "receivedKBytesPerSec" : 19.9494783121411,
    "sentKBytesPerSec" : 4.784223748974569
  },
  "II_CountRecords" : {
    "transaction" : "II_CountRecords",
    "sampleCount" : 17,
    "errorCount" : 0,
    "errorPct" : 0.0,
    "meanResTime" : 9.470588235294118,
    "minResTime" : 0.0,
    "maxResTime" : 122.0,
    "pct1ResTime" : 29.99999999999992,
    "pct2ResTime" : 122.0,
    "pct3ResTime" : 122.0,
    "throughput" : 0.05662797088656085,
    "receivedKBytesPerSec" : 6.896329175063707E-4,
    "sentKBytesPerSec" : 0.0
  },
  "II_HomePage" : {
    "transaction" : "II_HomePage",
    "sampleCount" : 18,
    "errorCount" : 0,
    "errorPct" : 0.0,
    "meanResTime" : 15.055555555555555,
    "minResTime" : 0.0,
    "maxResTime" : 226.0,
    "pct1ResTime" : 25.300000000000317,
    "pct2ResTime" : 226.0,
    "pct3ResTime" : 226.0,
    "throughput" : 0.05989558203531843,
    "receivedKBytesPerSec" : 1.2500213170040229,
    "sentKBytesPerSec" : 0.020163416152840213
  },
  "I_CheckCommentServiceGuestBook_GET" : {
    "transaction" : "I_CheckCommentServiceGuestBook_GET",
    "sampleCount" : 1808,
    "errorCount" : 94,
    "errorPct" : 5.1991153,
    "meanResTime" : 2.720685840707967,
    "minResTime" : 1.0,
    "maxResTime" : 14.0,
    "pct1ResTime" : 5.0,
    "pct2ResTime" : 7.0,
    "pct3ResTime" : 10.0,
    "throughput" : 5.934172694928383,
    "receivedKBytesPerSec" : 18.094971430716566,
    "sentKBytesPerSec" : 1.9529455060457668
  },
  "I_HomePage_GET" : {
    "transaction" : "I_HomePage_GET",
    "sampleCount" : 1809,
    "errorCount" : 0,
    "errorPct" : 0.0,
    "meanResTime" : 2.2459922609176353,
    "minResTime" : 1.0,
    "maxResTime" : 226.0,
    "pct1ResTime" : 3.0,
    "pct2ResTime" : 3.0,
    "pct3ResTime" : 4.0,
    "throughput" : 5.928912049555086,
    "receivedKBytesPerSec" : 131.01579015289317,
    "sentKBytesPerSec" : 2.113332908288678
  },
  "I_SendCommentServiceGuestBook_GET" : {
    "transaction" : "I_SendCommentServiceGuestBook_GET",
    "sampleCount" : 1808,
    "errorCount" : 0,
    "errorPct" : 0.0,
    "meanResTime" : 2.2726769911504454,
    "minResTime" : 1.0,
    "maxResTime" : 19.0,
    "pct1ResTime" : 3.0,
    "pct2ResTime" : 4.0,
    "pct3ResTime" : 9.0,
    "throughput" : 5.933822129743283,
    "receivedKBytesPerSec" : 18.115793016928457,
    "sentKBytesPerSec" : 1.8079614301561566
  },
  "II_HomePage_GET" : {
    "transaction" : "II_HomePage_GET",
    "sampleCount" : 17,
    "errorCount" : 0,
    "errorPct" : 0.0,
    "meanResTime" : 15.941176470588236,
    "minResTime" : 2.0,
    "maxResTime" : 226.0,
    "pct1ResTime" : 47.59999999999984,
    "pct2ResTime" : 226.0,
    "pct3ResTime" : 226.0,
    "throughput" : 0.056583112270880004,
    "receivedKBytesPerSec" : 1.2503541645170633,
    "sentKBytesPerSec" : 0.02016878513561641
  },
  "I_sendComment_Clients" : {
    "transaction" : "I_sendComment_Clients",
    "sampleCount" : 1808,
    "errorCount" : 0,
    "errorPct" : 0.0,
    "meanResTime" : 1.627765486725663,
    "minResTime" : 1.0,
    "maxResTime" : 18.0,
    "pct1ResTime" : 2.0,
    "pct2ResTime" : 2.0,
    "pct3ResTime" : 4.0,
    "throughput" : 5.932498146094329,
    "receivedKBytesPerSec" : 35.54303042722682,
    "sentKBytesPerSec" : 2.2710344465517354
  },
  "I_CheckComment_GET" : {
    "transaction" : "I_CheckComment_GET",
    "sampleCount" : 1808,
    "errorCount" : 0,
    "errorPct" : 0.0,
    "meanResTime" : 1.646570796460177,
    "minResTime" : 1.0,
    "maxResTime" : 5.0,
    "pct1ResTime" : 2.0,
    "pct2ResTime" : 2.0,
    "pct3ResTime" : 4.0,
    "throughput" : 5.934153217998077,
    "receivedKBytesPerSec" : 23.83055200671531,
    "sentKBytesPerSec" : 2.497675817340987
  },
  "II_GuestBook_GET" : {
    "transaction" : "II_GuestBook_GET",
    "sampleCount" : 17,
    "errorCount" : 0,
    "errorPct" : 0.0,
    "meanResTime" : 2.88235294117647,
    "minResTime" : 1.0,
    "maxResTime" : 17.0,
    "pct1ResTime" : 7.3999999999999915,
    "pct2ResTime" : 17.0,
    "pct3ResTime" : 17.0,
    "throughput" : 0.05662570740497706,
    "receivedKBytesPerSec" : 0.22738760629811106,
    "sentKBytesPerSec" : 0.022782999463721244
  },
  "I_SendCommentServiceGuestBook_POST" : {
    "transaction" : "I_SendCommentServiceGuestBook_POST",
    "sampleCount" : 1808,
    "errorCount" : 94,
    "errorPct" : 5.1991153,
    "meanResTime" : 5.262168141592923,
    "minResTime" : 1.0,
    "maxResTime" : 124.0,
    "pct1ResTime" : 9.0,
    "pct2ResTime" : 38.549999999999955,
    "pct3ResTime" : 44.91000000000008,
    "throughput" : 5.932906960336811,
    "receivedKBytesPerSec" : 1.8370684552620096,
    "sentKBytesPerSec" : 2.976682453296406
  },
  "I_HomePage" : {
    "transaction" : "I_HomePage",
    "sampleCount" : 1809,
    "errorCount" : 0,
    "errorPct" : 0.0,
    "meanResTime" : 2.246545052515201,
    "minResTime" : 1.0,
    "maxResTime" : 226.0,
    "pct1ResTime" : 3.0,
    "pct2ResTime" : 3.0,
    "pct3ResTime" : 4.0,
    "throughput" : 5.929533930110822,
    "receivedKBytesPerSec" : 131.029532332185,
    "sentKBytesPerSec" : 2.113554574697705
  },
  "Total" : {
    "transaction" : "Total",
    "sampleCount" : 12724,
    "errorCount" : 188,
    "errorPct" : 1.4775229,
    "meanResTime" : 2.4989783087079647,
    "minResTime" : 0.0,
    "maxResTime" : 226.0,
    "pct1ResTime" : 3.0,
    "pct2ResTime" : 5.0,
    "pct3ResTime" : 11.0,
    "throughput" : 41.702308965472035,
    "receivedKBytesPerSec" : 253.56022908370613,
    "sentKBytesPerSec" : 16.030885639431034
  },
  "I_GuestBook" : {
    "transaction" : "I_GuestBook",
    "sampleCount" : 1808,
    "errorCount" : 0,
    "errorPct" : 0.0,
    "meanResTime" : 1.5376106194690302,
    "minResTime" : 1.0,
    "maxResTime" : 4.0,
    "pct1ResTime" : 2.0,
    "pct2ResTime" : 2.0,
    "pct3ResTime" : 3.0,
    "throughput" : 5.932887491714302,
    "receivedKBytesPerSec" : 23.824677539730327,
    "sentKBytesPerSec" : 2.3870602017444265
  },
  "II_GuestBook" : {
    "transaction" : "II_GuestBook",
    "sampleCount" : 17,
    "errorCount" : 0,
    "errorPct" : 0.0,
    "meanResTime" : 2.88235294117647,
    "minResTime" : 1.0,
    "maxResTime" : 17.0,
    "pct1ResTime" : 7.3999999999999915,
    "pct2ResTime" : 17.0,
    "pct3ResTime" : 17.0,
    "throughput" : 0.05662589602153116,
    "receivedKBytesPerSec" : 0.22738836371146107,
    "sentKBytesPerSec" : 0.02278307535241293
  },