{
  "II_SELECT" : {
    "transaction" : "II_SELECT",
    "sampleCount" : 16,
    "errorCount" : 0,
    "errorPct" : 0.0,
    "meanResTime" : 9.312500000000002,
    "minResTime" : 0.0,
    "maxResTime" : 111.0,
    "pct1ResTime" : 38.200000000000074,
    "pct2ResTime" : 111.0,
    "pct3ResTime" : 111.0,
    "throughput" : 0.05327739207165809,
    "receivedKBytesPerSec" : 6.536105838869187E-4,
    "sentKBytesPerSec" : 0.0
  },
  "II_TRUNCATE" : {
    "transaction" : "II_TRUNCATE",
    "sampleCount" : 16,
    "errorCount" : 0,
    "errorPct" : 0.0,
    "meanResTime" : 0.9375,
    "minResTime" : 0.0,
    "maxResTime" : 2.0,
    "pct1ResTime" : 1.3000000000000007,
    "pct2ResTime" : 2.0,
    "pct3ResTime" : 2.0,
    "throughput" : 0.05330366096206445,
    "receivedKBytesPerSec" : 4.6848920767439466E-4,
    "sentKBytesPerSec" : 0.0
  },
  "I_Clients_GET" : {
    "transaction" : "I_Clients_GET",
    "sampleCount" : 1826,
    "errorCount" : 0,
    "errorPct" : 0.0,
    "meanResTime" : 1.725629791894852,
    "minResTime" : 1.0,
    "maxResTime" : 7.0,
    "pct1ResTime" : 2.0,
    "pct2ResTime" : 3.0,
    "pct3ResTime" : 4.0,
    "throughput" : 5.975971749951728,
    "receivedKBytesPerSec" : 35.80336803464656,
    "sentKBytesPerSec" : 2.2876766855283956
  },
  "I_SendComment" : {
    "transaction" : "I_SendComment",
    "sampleCount" : 1826,
    "errorCount" : 102,
    "errorPct" : 5.5859804,
    "meanResTime" : 7.819277108433745,
    "minResTime" : 2.0,
    "maxResTime" : 124.0,
    "pct1ResTime" : 12.0,
    "pct2ResTime" : 23.649999999999864,
    "pct3ResTime" : 52.0,
    "throughput" : 5.976226010001833,
    "receivedKBytesPerSec" : 20.566509677206884,
    "sentKBytesPerSec" : 4.8324700421625035
  },
  "II_CountRecords" : {
    "transaction" : "II_CountRecords",
    "sampleCount" : 16,
    "errorCount" : 0,
    "errorPct" : 0.0,
    "meanResTime" : 9.312500000000002,
    "minResTime" : 0.0,
    "maxResTime" : 111.0,
    "pct1ResTime" : 38.200000000000074,
    "pct2ResTime" : 111.0,
    "pct3ResTime" : 111.0,
    "throughput" : 0.0532772146672172,
    "receivedKBytesPerSec" : 6.536084074774571E-4,
    "sentKBytesPerSec" : 0.0
  },
  "II_HomePage" : {
    "transaction" : "II_HomePage",
    "sampleCount" : 17,
    "errorCount" : 0,
    "errorPct" : 0.0,
    "meanResTime" : 12.705882352941176,
    "minResTime" : 0.0,
    "maxResTime" : 167.0,
    "pct1ResTime" : 37.399999999999885,
    "pct2ResTime" : 167.0,
    "pct3ResTime" : 167.0,
    "throughput" : 0.05656127415915012,
    "receivedKBytesPerSec" : 1.1763497349937948,
    "sentKBytesPerSec" : 0.018975059805229587
  },
  "I_CheckCommentServiceGuestBook_GET" : {
    "transaction" : "I_CheckCommentServiceGuestBook_GET",
    "sampleCount" : 1826,
    "errorCount" : 102,
    "errorPct" : 5.5859804,
    "meanResTime" : 2.901971522453454,
    "minResTime" : 1.0,
    "maxResTime" : 22.0,
    "pct1ResTime" : 6.0,
    "pct2ResTime" : 8.0,
    "pct3ResTime" : 11.0,
    "throughput" : 5.977478067303916,
    "receivedKBytesPerSec" : 18.70115589093394,
    "sentKBytesPerSec" : 1.9671973717591986
  },
  "I_HomePage_GET" : {
    "transaction" : "I_HomePage_GET",
    "sampleCount" : 1827,
    "errorCount" : 0,
    "errorPct" : 0.0,
    "meanResTime" : 2.320744389709908,
    "minResTime" : 1.0,
    "maxResTime" : 167.0,
    "pct1ResTime" : 3.0,
    "pct2ResTime" : 3.0,
    "pct3ResTime" : 4.0,
    "throughput" : 5.973711744703113,
    "receivedKBytesPerSec" : 132.0058780224137,
    "sentKBytesPerSec" : 2.1293015496256213
  },
  "I_SendCommentServiceGuestBook_GET" : {
    "transaction" : "I_SendCommentServiceGuestBook_GET",
    "sampleCount" : 1826,
    "errorCount" : 0,
    "errorPct" : 0.0,
    "meanResTime" : 2.456188389923326,
    "minResTime" : 1.0,
    "maxResTime" : 50.0,
    "pct1ResTime" : 4.0,
    "pct2ResTime" : 4.0,
    "pct3ResTime" : 9.0,
    "throughput" : 5.9772041349420935,
    "receivedKBytesPerSec" : 18.700359601988907,
    "sentKBytesPerSec" : 1.821179384865169
  },
  "II_HomePage_GET" : {
    "transaction" : "II_HomePage_GET",
    "sampleCount" : 16,
    "errorCount" : 0,
    "errorPct" : 0.0,
    "meanResTime" : 13.5,
    "minResTime" : 2.0,
    "maxResTime" : 167.0,
    "pct1ResTime" : 53.600000000000115,
    "pct2ResTime" : 167.0,
    "pct3ResTime" : 167.0,
    "throughput" : 0.053247427483659696,
    "receivedKBytesPerSec" : 1.1766433487307146,
    "sentKBytesPerSec" : 0.01897979592923417
  },
  "I_sendComment_Clients" : {
    "transaction" : "I_sendComment_Clients",
    "sampleCount" : 1826,
    "errorCount" : 0,
    "errorPct" : 0.0,
    "meanResTime" : 1.725629791894852,
    "minResTime" : 1.0,
    "maxResTime" : 7.0,
    "pct1ResTime" : 2.0,
    "pct2ResTime" : 3.0,
    "pct3ResTime" : 4.0,
    "throughput" : 5.975971749951728,
    "receivedKBytesPerSec" : 35.80336803464656,
    "sentKBytesPerSec" : 2.2876766855283956
  },
  "I_CheckComment_GET" : {
    "transaction" : "I_CheckComment_GET",
    "sampleCount" : 1826,
    "errorCount" : 0,
    "errorPct" : 0.0,
    "meanResTime" : 1.753559693318729,
    "minResTime" : 1.0,
    "maxResTime" : 5.0,
    "pct1ResTime" : 2.0,
    "pct2ResTime" : 3.0,
    "pct3ResTime" : 4.0,
    "throughput" : 5.977458499873969,
    "receivedKBytesPerSec" : 24.00462879135691,
    "sentKBytesPerSec" : 2.5159029428180477
  },
  "II_GuestBook_GET" : {
    "transaction" : "II_GuestBook_GET",
    "sampleCount" : 16,
    "errorCount" : 0,
    "errorPct" : 0.0,
    "meanResTime" : 2.3125,
    "minResTime" : 1.0,
    "maxResTime" : 7.0,
    "pct1ResTime" : 4.900000000000002,
    "pct2ResTime" : 7.0,
    "pct3ResTime" : 7.0,
    "throughput" : 0.05327703726395775,
    "receivedKBytesPerSec" : 0.21394060276308033,
    "sentKBytesPerSec" : 0.0214356829616705
  },
  "I_SendCommentServiceGuestBook_POST" : {
    "transaction" : "I_SendCommentServiceGuestBook_POST",
    "sampleCount" : 1826,
    "errorCount" : 102,
    "errorPct" : 5.5859804,
    "meanResTime" : 5.363088718510419,
    "minResTime" : 1.0,
    "maxResTime" : 116.0,
    "pct1ResTime" : 9.299999999999955,
    "pct2ResTime" : 19.649999999999864,
    "pct3ResTime" : 47.0,
    "throughput" : 5.976245569363396,
    "receivedKBytesPerSec" : 1.8692163674589173,
    "sentKBytesPerSec" : 3.01159853625349
  },
  "I_HomePage" : {
    "transaction" : "I_HomePage",
    "sampleCount" : 1827,
    "errorCount" : 0,
    "errorPct" : 0.0,
    "meanResTime" : 2.320744389709908,
    "minResTime" : 1.0,
    "maxResTime" : 167.0,
    "pct1ResTime" : 3.0,
    "pct2ResTime" : 3.0,
    "pct3ResTime" : 4.0,
    "throughput" : 5.974395448079659,
    "receivedKBytesPerSec" : 132.02098636181555,
    "sentKBytesPerSec" : 2.1295452524893315
  },
  "Total" : {
    "transaction" : "Total",
    "sampleCount" : 12847,
    "errorCount" : 204,
    "errorPct" : 1.5879194,
    "meanResTime" : 2.616097143301919,
    "minResTime" : 0.0,
    "maxResTime" : 167.0,
    "pct1ResTime" : 4.0,
    "pct2ResTime" : 5.0,
    "pct3ResTime" : 12.0,
    "throughput" : 42.00562385561078,
    "receivedKBytesPerSec" : 256.32095277044374,
    "sentKBytesPerSec" : 16.16235204682187
  },
  "I_GuestBook" : {
    "transaction" : "I_GuestBook",
    "sampleCount" : 1826,
    "errorCount" : 0,
    "errorPct" : 0.0,
    "meanResTime" : 1.6549835706462241,
    "minResTime" : 1.0,
    "maxResTime" : 5.0,
    "pct1ResTime" : 2.0,
    "pct2ResTime" : 2.0,
    "pct3ResTime" : 4.0,
    "throughput" : 5.976186891662794,
    "receivedKBytesPerSec" : 23.998489844818785,
    "sentKBytesPerSec" : 2.4044814446924523
  },
  "II_GuestBook" : {
    "transaction" : "II_GuestBook",
    "sampleCount" : 16,
    "errorCount" : 0,
    "errorPct" : 0.0,
    "meanResTime" : 2.3125,
    "minResTime" : 1.0,
    "maxResTime" : 7.0,
    "pct1ResTime" : 4.900000000000002,
    "pct2ResTime" : 7.0,
    "pct3ResTime" : 7.0,
    "throughput" : 0.05327703726395775,
    "receivedKBytesPerSec" : 0.21394060276308033,
    "sentKBytesPerSec" : 0.0214356829616705
  },